<?xml version="1.0" encoding="UTF-8" standalone="yes"?>
<addon id="Mucka" name="Mucka Repo" version="1.0" provider-name="Mucka911">
    <extension point="xbmc.addon.repository" name="Example Repository">
        <dir>
            <info compressed="false">https://raw.githubusercontent.com/Mucka911/Mucka Repo/BRANCH_NAME_HERE/zips/addons.xml</info>
            <checksum>https://raw.githubusercontent.com/Mucka911/Mucka Repo/BRANCH_NAME_HERE/zips/addons.xml.md5</checksum>
            <datadir zip="true">https://raw.githubusercontent.com/Mucka911/Mucka Repo/BRANCH_NAME_HERE/zips/</datadir>
        </dir>
    </extension>
    <extension point="xbmc.addon.metadata">
        <summary>Mucka Repo</summary>
        <description>Mucka Test Repo</description>
        <disclaimer></disclaimer>
        <platform>all</platform>
        <assets>
            <icon>icon.png</icon>
            <fanart>fanart.jpg</fanart>
        </assets>
    </extension>
</addon>
